{
  "Component-dbg.js": 1615822098403,
  "manifest.json": 1615822098407,
  "test/changes_preview.js": 1615822098407,
  "test/changes_loader.js": 1615822098407,
  "localService/mockserver.js": 1615822098407,
  "Component.js": 1615822098403,
  "manifest-bundle.zip": 1615822112719,
  "Component-preload.js": 1615822112978,
  "localService/mockserver-dbg.js": 1615822098407,
  "test/changes_loader-dbg.js": 1615822098407,
  "test/changes_preview-dbg.js": 1615822098407,
  "i18n/i18n.properties": 1615822098407,
  "test/flpSandboxMockServer.html": 1615822098407,
  "test/flpSandbox.html": 1615822098407,
  "localService/metadata.xml": 1615822098411,
  "annotations/annotation.xml": 1615822098407,
  "index.html": 1615822098407
}